method,hl,band,dead,sharpe,gross,vol,turn,cost,dd
vol_scale,0,0.5,0.1,1.2340867177318284,2.34772261157471,0.01939906448233851,444.2648017537781,0.021232777003017067,-0.10277751501674792
vol_scale,1,0.5,0.1,1.0702261683971979,1.63981180277621,0.02108239708632646,245.2121019156124,0.011884346988513516,-0.10956355506017734
vol_scale,0,0.25,0.1,1.0346226583628133,2.050225580544266,0.02398800878948533,477.98153955229725,0.024152785294782406,-0.10836525437967215
vol_scale,0,0.1,0.1,1.0049861118949808,2.061554360688959,0.025436439977239766,502.78216822401555,0.026695304129256064,-0.11664158652304835
vol_scale,1,0.25,0.1,0.948668462030347,1.5230348950126964,0.024372923446116017,268.8971023803957,0.013896607286035374,-0.10328242939882692
vol_scale,1,0.1,0.1,0.931533199013013,1.533344644326567,0.026126901806054346,286.58175908346095,0.01561423710066183,-0.11454299920950795
vol_scale,0,0.0,0.1,0.8646905676617276,1.9824724965690794,0.025777016013865776,516.7570331914776,0.028630820359091123,-0.12701926022596433
vol_scale,1,0.0,0.1,0.8090711229553905,1.4639217886653106,0.026254684360172913,298.4228793451707,0.01708255223016472,-0.11727517754290817
vol_scale,3,0.5,0.25,0.7267944282721205,1.0377848896354116,0.027816709819634737,154.91966399221104,0.008610942877640254,-0.1519115626705455
vol_scale,1,0.1,0.25,0.6697203051945597,1.3129435974391461,0.030158083005927216,331.1664190893662,0.019379544540710156,-0.1374169670802904
vol_scale,0,0.25,0.25,0.6652778883480549,1.678753123716772,0.028680899591967634,524.5601545344252,0.02893018616355427,-0.13572378132541374
vol_scale,1,0.0,0.25,0.6473511301031918,1.3271029483285752,0.03021334223374078,340.28952822576264,0.020519758898926224,-0.1365520040172069
vol_scale,0,0.5,0.25,0.5942784398612082,1.5518438515045918,0.027477848771867864,495.33316332086986,0.02619218754769621,-0.13982604891995576
vol_scale,0,0.1,0.25,0.5891654320820632,1.649172224464371,0.029526760727038682,545.092943792231,0.031145733043256706,-0.1353176671572488
vol_scale,3,0.25,0.25,0.5649015350249621,0.8654007751787257,0.03114746648910202,163.6094427915608,0.009342796199411578,-0.15730507416891315
vol_scale,3,0.0,0.25,0.5503995268639988,0.910466781400557,0.030158186322048305,179.33887371889884,0.010832027229586724,-0.15269112074140878
vol_scale,5,0.1,0.1,0.5215938500518955,0.7234128412072768,0.028606463162944445,105.86429907710259,0.00577457175627882,-0.16746411086714197
vol_scale,5,0.5,0.25,0.5204400191822799,0.7219426362599282,0.031011958274840535,104.69731333329027,0.00617833731778023,-0.16717918152163969
vol_scale,1,0.5,0.25,0.5180991773256794,1.1001784101936811,0.027864523171013594,298.39875247136933,0.016218973459034013,-0.14967203209926938
vol_scale,0,0.0,0.25,0.5163364941489993,1.6269938776357196,0.029594932982135544,556.3136890232213,0.03271901072139047,-0.14351466491386655
vol_scale,1,0.25,0.25,0.5154667873614922,1.0818405121138404,0.031898676651799365,318.3769267274774,0.018074182182541768,-0.1545664093849214
vol_scale,3,0.1,0.25,0.5014929411568013,0.8308141519807365,0.030562281508326915,172.0955877075404,0.010040738004863601,-0.15634829932843397
vol_scale,5,0.0,0.1,0.49550184349290616,0.725927640690563,0.02870114973924016,114.09666556072656,0.006612973591402595,-0.1659712327696008
vol_scale,5,0.5,0.1,0.489427202390178,0.635893071899879,0.029183297462338106,86.75950643207779,0.004267885811832766,-0.1780305217843413
vol_scale,5,0.0,0.25,0.4804693152963293,0.731884299492597,0.03145714210019392,123.3913309679836,0.007825136465886522,-0.15755916790250313
vol_scale,3,0.25,0.1,0.4722048117193478,0.748196898451686,0.026766000089609925,141.56911407465813,0.0073813952410185495,-0.15360118683334423
vol_scale,5,0.1,0.25,0.470324712838846,0.6995586848230316,0.031853696156602565,117.3237913284681,0.00722168155305073,-0.159134811083247
vol_scale,3,0.1,0.1,0.3894214248075926,0.6897102339516762,0.02792128744237298,153.00446100379014,0.00837263514024012,-0.16069811718368232
vol_scale,5,0.25,0.25,0.38811105174667276,0.5801655029112966,0.03536189035641433,111.29166239394274,0.006731088279278239,-0.18947069359852942
vol_scale,3,0.0,0.1,0.36573807939699626,0.7044779135179844,0.027797006496836536,162.4197688103766,0.009403783938311018,-0.15389066907143956
vol_scale,5,0.25,0.1,0.35764319817707907,0.5051945291058533,0.034185343489691974,96.64195415591217,0.005046236287729065,-0.20032770726618454
vol_scale,3,0.5,0.1,0.16193549488793613,0.35700608836185543,0.03227922031120049,127.75384727880939,0.00629498362731023,-0.19531669089920078
zscore,1,0.1,0.1,-0.9256787201802233,-0.3063016733416826,0.024404017499864945,282.1428393144083,0.015143275640347035,-0.22358429218933817
zscore,1,0.0,0.1,-0.9406886061795532,-0.24716199207846273,0.02412601530767971,294.69917773648797,0.016754987760569228,-0.22696200002025213
zscore,3,0.5,0.1,-0.9457058342247285,-0.6656164145476151,0.02065691832760469,120.72375742861581,0.005811502468487428,-0.2176728949129184
zscore,1,0.25,0.1,-0.9871688829282512,-0.3689554645149293,0.02145197610215624,263.64709544547554,0.013296517245802152,-0.2261977172048324
zscore,5,0.5,0.25,-1.0022803597845962,-0.815358854956588,0.035050290068360364,114.45710395997314,0.006608139898344161,-0.3331388392427391
zscore,3,0.1,0.1,-1.0034374710915435,-0.6920226473288048,0.024901935570398877,146.2751243920447,0.007794687288242867,-0.25334933847698804
zscore,3,0.0,0.1,-1.0112248360993554,-0.6469473867869674,0.02460512664025455,156.70733811134335,0.008996357015602793,-0.24921416793101736
zscore,5,0.0,0.1,-1.0126531483832208,-0.7415883189496169,0.024830416499562098,117.13660250217262,0.006741518727322275,-0.25527374526418933
zscore,5,0.1,0.1,-1.0293563843601374,-0.7917383881009395,0.024144462652958845,107.71067923440107,0.005747446168762192,-0.256053213951247
zscore,0,0.5,0.1,-1.0346350736141916,0.0944655769229181,0.018820827970571077,449.12541871132714,0.02123522099644505,-0.2123617540347933
zscore,5,0.5,0.1,-1.0400632487389987,-0.8098338708549382,0.018347909332019175,87.12147861142955,0.004224072106726827,-0.2195098769650482
zscore,5,0.25,0.25,-1.0434272656133863,-0.8333160177920753,0.035067547589430856,123.40128363065105,0.007422940911822283,-0.3254506596895863
zscore,3,0.25,0.1,-1.0734171847630618,-0.7726152754503152,0.022282574822975215,133.88531318899885,0.00674088538380685,-0.24713882009353083
zscore,0,0.0,0.1,-1.0734936713270677,0.13146002282691285,0.02431380924179755,525.0701083082232,0.029276660510898667,-0.24407316580584426
zscore,5,0.1,0.25,-1.0771173897855553,-0.8375793223485527,0.03366597368743877,130.87196636020064,0.008128421902740006,-0.3244683075118695
zscore,1,0.5,0.1,-1.0778897186046104,-0.41609233558621883,0.017088264155124155,239.76530154680754,0.011353024874318702,-0.20544666838400094
zscore,5,0.25,0.1,-1.0889449233568371,-0.8807731306819028,0.023620069196015954,97.76926578090527,0.004928018642143228,-0.25996075687502196
zscore,0,0.1,0.1,-1.096152771249907,0.07552078374719193,0.0231782554389662,510.73825822725627,0.02714504924005151,-0.23828084120412607
zscore,0,0.25,0.1,-1.102182527067077,-0.034305360131301615,0.022912239544625807,486.1689821615462,0.024473191471044407,-0.23872270917860083
zscore,5,0.0,0.25,-1.1364991217277038,-0.8719583740774038,0.03332109889680532,137.4752614770873,0.008879409015117676,-0.3272359416956587
zscore,3,0.1,0.25,-1.2389147361408335,-0.9181918397212373,0.033171830220303775,177.8877926202697,0.01068382899285122,-0.3412013138733705
zscore,3,0.0,0.25,-1.2505961898432592,-0.9023633217473291,0.033043108929812215,185.07712884043497,0.011550924645962142,-0.3408994141347419
zscore,3,0.25,0.25,-1.2531760884512826,-0.9731619133707041,0.03445766083062569,168.11346105925116,0.009698251864976666,-0.35398573062740757
zscore,1,0.5,0.25,-1.270745897075604,-0.710036657318626,0.030915246240137598,315.07708069348746,0.017421170550301814,-0.32874541509617916
zscore,1,0.25,0.25,-1.3325627146406658,-0.7089580229811367,0.030966468390780922,334.61284926851937,0.019407365898449266,-0.3257357455542499
zscore,1,0.0,0.25,-1.34419924795934,-0.6589951221749573,0.032312539418937525,357.96288179362534,0.022231836993414293,-0.34239426289637487
zscore,3,0.5,0.25,-1.3474193828115408,-1.0751173172543023,0.031122308315764437,155.2956817880666,0.008541200700235263,-0.34826338986459904
zscore,0,0.25,0.25,-1.3526346709634318,-0.33135248734755424,0.030457224671430576,563.2366046464792,0.03117095847981218,-0.3317954475755863
zscore,1,0.1,0.25,-1.368745583505928,-0.7135023260448166,0.031966617179707744,349.27329067553666,0.02103991264222309,-0.3395446536472354
zscore,0,0.0,0.25,-1.435411942800023,-0.29885560365093466,0.03104177333355798,595.2163393572848,0.03533952281161876,-0.34886011531695904
zscore,0,0.1,0.25,-1.4617374250578894,-0.36415528961273763,0.030623456036863898,584.2175569831006,0.0336838421201744,-0.3482255111771936
zscore,0,0.5,0.25,-1.4710929473617318,-0.4890257367202807,0.028140291405023225,530.184284917607,0.027727783333357504,-0.3354540398819681
