rebal,band,hl,dead,sh_1x,sh_2x,turn,cost1x,gross,ret1x,dd
monthly,2.0,10,0.1,2.3532362706850796,2.2692480032462155,20.933984467471234,0.0009177250241470789,2.4341911805933036,0.026907771712341346,-0.07868423591921392
daily,2.0,10,0.1,2.0960893964087464,1.9739708840622223,37.63866466047651,0.0017023656737177458,2.2162919985300586,0.030056720552224934,-0.09330079060946406
weekly,1.0,10,0.1,2.0055447250241554,1.8983184866841882,30.839633782987015,0.0014168374572064964,2.111384775210452,0.027873289163718055,-0.1066265405892387
monthly,1.0,10,0.1,1.8310985252298302,1.7411298805624504,23.025415698377248,0.0010544486771028826,1.91892411757505,0.022842846072403708,-0.0967469723437413
biweekly,2.0,10,0.3,1.8353591817538188,1.7352332304650437,25.108422962097947,0.001200278455911905,1.933214820913515,0.02296639596693225,-0.09843543346489614
daily,1.0,10,0.1,1.8278467763603892,1.6841144272894009,46.34658180768464,0.0021887400125416056,1.969851916110354,0.02847807583759569,-0.12472372655943265
biweekly,2.0,10,0.1,1.759148555541578,1.670098498966249,20.404617265310243,0.0008943816134843539,1.8463811067548304,0.01847749840662206,-0.10531471259636771
biweekly,1.0,10,0.1,1.7549162111158692,1.6699763215600503,25.860393931189353,0.001196301727881543,1.83867635909609,0.026040170618498407,-0.11435514492743037
monthly,2.0,10,0.3,1.6795245078055432,1.611443980971542,21.134689873201026,0.0010521993420126593,1.746054874351445,0.026574682881814075,-0.10146663046302928
weekly,2.0,10,0.1,1.625230968611128,1.5388588531062015,25.942217182397115,0.001168602530537769,1.7105132168988082,0.02262440665179143,-0.10365125444716006
weekly,2.0,10,0.3,1.5107115975751626,1.3880577479074523,31.09770547701029,0.001572314210904205,1.6320976204011328,0.02069310688789823,-0.09877591939058927
monthly,2.0,3,0.1,1.3456074588706515,1.2276728706876927,25.87815236771407,0.0011348171241518127,1.460669874570973,0.013570076186306018,-0.1016158163421308
daily,2.0,3,0.1,1.5412039495230365,1.2265952491612844,93.82090826457701,0.004251645654045217,1.852745948533854,0.021224946419861557,-0.07948384624496718
monthly,2.0,3,0.3,1.2549185915470007,1.1611591943384632,27.761529421892718,0.0012779712754171653,1.3466863282575552,0.01729798305462764,-0.10579978438446647
monthly,1.0,10,0.3,1.0838121886472252,1.0210622394316111,24.38980406266189,0.001302895827800032,1.1458635779956512,0.02288321644478851,-0.12505705334307826
daily,1.0,3,0.1,1.380492459116321,0.9911722414663088,112.63767646871743,0.005299512186158473,1.7682781994536165,0.019140033927768495,-0.09046790607867639
daily,2.0,10,0.3,1.0629399207764012,0.9372457197062422,53.95351122033435,0.0028953272665475363,1.1872295549346912,0.024408490076522855,-0.12925147567445017
daily,2.0,0,0.1,2.057528263848302,0.9250289967604295,345.27439829156003,0.015321683105876914,3.2043821317345573,0.028412322197449397,-0.07393531368848194
biweekly,2.0,3,0.3,1.0637477706647942,0.9187828952942108,38.074203570822505,0.0018329980458467363,1.2072629182854886,0.013830298340035003,-0.08912066911219474
daily,2.0,3,0.3,1.2191824087608962,0.8697949226855033,124.82188015224773,0.006104611863409921,1.5655038873624776,0.021474000814193,-0.08098309031485929
biweekly,1.0,10,0.3,0.9121658252090684,0.84559766462841,29.395429318210105,0.001582799625747414,0.9784099968996075,0.02204066987469954,-0.13692360331798725
monthly,1.0,3,0.1,0.9550261849705448,0.8340887155353979,29.610219297609245,0.0013300496144167467,1.074437605266481,0.01085524326390455,-0.11147039974351236
biweekly,0.5,10,0.3,0.8212476309353969,0.7621579769679752,31.813642867152982,0.0018022811503679993,0.880168946623119,0.025466861232880517,-0.14725003871409448
monthly,0.5,10,0.3,0.7912872881222088,0.7381425058530335,26.30387349595746,0.001477930116561418,0.8441387284452868,0.022291121368024996,-0.1427145498608936
monthly,0.5,3,0.1,0.7982817858653908,0.7054462220351619,32.2775677273339,0.0015133638224808536,0.8906775148887345,0.01344144508652438,-0.11560024085919185
daily,1.0,3,0.3,0.9862179634747394,0.6761063399105184,142.3688859379717,0.007459012679394637,1.29494298400921,0.023844875712102854,-0.12454536036783959
weekly,1.0,10,0.3,0.7505146184938958,0.6711128638584011,36.335128963965644,0.0019896374719637084,0.8297526819611368,0.01913346213559865,-0.14654014922162895
daily,0.5,10,0.1,0.7347455316068445,0.656340384783712,52.16853123858394,0.002637575565177248,0.8129148046051282,0.0247174044509181,-0.18921616531683616
weekly,0.5,10,0.1,0.7096350007439914,0.6457941163514052,35.342862998136376,0.0017543771461774405,0.7734846861534028,0.0198841846336619,-0.1666878500680884
weekly,1.0,3,0.1,0.8009051397538026,0.6300398072541438,47.556374640015086,0.002184683030924141,0.9711419900707526,0.010423684211171659,-0.10277416116180105
weekly,0.5,10,0.3,0.6994682817324246,0.6280748414682977,39.476793272954794,0.00228601387801225,0.7708128353570547,0.02277074769083116,-0.15237595687866967
biweekly,0.5,10,0.1,0.669552739098002,0.61760153684247,29.042304619544918,0.0014341999552213562,0.7214981349359824,0.01894249245053152,-0.17221975513499532
daily,0.5,10,0.3,0.7187770469132155,0.605215514401846,65.41324053448281,0.0038432872134766876,0.8318559411860834,0.024339216598916465,-0.1545230091437192
biweekly,2.0,3,0.1,0.7247368758015986,0.6000080445059915,30.64946328298202,0.0013488093754771176,0.8487219509274994,0.008004638927649608,-0.10453182518986603
monthly,0.5,10,0.1,0.6010238330882274,0.5549111533841192,25.86986323279991,0.0012976756261670669,0.647048695684981,0.017264775464932894,-0.15861191516524786
biweekly,1.0,3,0.1,0.6810041823173281,0.5487472057727293,35.529724495560295,0.0015947865410210356,0.812784194804909,0.00837152811713043,-0.11061353321445377
weekly,2.0,3,0.1,0.6790740342495835,0.5212237230039766,39.74221277758227,0.0017595891618886162,0.8361598547192396,0.007676311573843075,-0.10184836854119139
daily,0.5,3,0.3,0.8084829752848534,0.5012407707736029,155.62522505686232,0.008529343311740796,1.1146669642489389,0.022505272260983044,-0.14422820724293928
weekly,2.0,3,0.3,0.5853619503754811,0.4460514773609911,46.812027856082494,0.002287533511635995,0.7241099141457407,0.009674453626495147,-0.09516774675817607
monthly,2.0,0,0.1,0.4707181196537631,0.35889015825433584,28.84879246896287,0.0012651520852336293,0.5816462809749785,0.005362211396965924,-0.10710954381857474
daily,1.0,10,0.3,0.39646925778887787,0.31049118044046803,60.65884209053886,0.003391462792716436,0.48229308855247927,0.015651309609665147,-0.20225689509527367
monthly,1.0,3,0.3,0.3380224847563363,0.2681467484880664,31.344765513754464,0.001565338838229317,0.4077222460539443,0.007600345050022484,-0.16993201234229394
monthly,1.0,0,0.1,0.3562579057363814,0.2526814756739272,33.33111327347109,0.001535781478254943,0.4596226599538075,0.005318845757476575,-0.11806262334078865
monthly,0.5,3,0.3,0.29436350030211067,0.2319626638522045,34.216788094204745,0.001870616195023399,0.356735264883603,0.008868671374469048,-0.1697259744738756
daily,2.0,0,0.3,1.5373903167794767,0.2303151253056151,394.9318816813355,0.018657570160301593,2.8631956817795157,0.02203078776334684,-0.06388677800563736
monthly,1.0,0,0.3,0.3046840596158438,0.19852986736890596,36.499997429698304,0.0017141401269670027,0.4103257873065305,0.004926011077106289,-0.10469409894250892
daily,1.0,0,0.1,1.3155291874859492,0.17892393496067818,399.96956644767636,0.01831504711294602,2.4792252397476076,0.02127712012604936,-0.08544228450679159
biweekly,1.0,3,0.3,0.2744373036605538,0.17736901464058508,44.23154412195129,0.0022596664891852613,0.37159114823916845,0.006414093610481277,-0.13796873604740678
daily,0.5,0,0.1,1.2340867177318284,0.13727794059948922,444.2648017537781,0.021232777003017067,2.34772261157471,0.02394012781407722,-0.10277751501674792
biweekly,0.5,3,0.3,0.2123629981244321,0.11681081176379786,48.64705676458023,0.002670166129457434,0.3080485739308146,0.005948523119913514,-0.14999239456193525
monthly,2.0,0,0.3,0.18686511557240298,0.0595462252008266,33.15625515386054,0.001490418127989513,0.314009695629635,0.0021899911870916413,-0.1340358047527147
weekly,1.0,3,0.3,0.17829881176310905,0.05138251919523827,55.816050626470236,0.002912745304899187,0.30535665272720725,0.004094984970031005,-0.1523359539087502
biweekly,0.5,3,0.1,0.13114124087550902,0.046800946223336366,40.43054703421687,0.0019039112358093116,0.21574717928321585,0.002964535266436665,-0.16270726131437097
weekly,0.5,3,0.1,0.14346463788306918,0.027830523783136527,53.51000572075065,0.002603557874064698,0.25938473519320243,0.003231967666853808,-0.16406881037850796
weekly,2.0,0,0.3,0.20410839613891307,-0.008791704680906669,76.62526145175568,0.0035857978696727253,0.4171148996641075,0.003437326733705578,-0.15090427726385525
monthly,0.5,0,0.1,0.09091928039270503,-0.009653596759378127,36.877931862928065,0.0017769185640794652,0.19172564138212095,0.0016059672941906118,-0.13326826115032908
daily,0.5,3,0.1,0.16193549488793613,-0.03304699605680159,127.75384727880939,0.00629498362731023,0.35700608836185543,0.005227151515690971,-0.19531669089920078
biweekly,0.5,0,0.3,0.0501352156967366,-0.10097230519066308,63.52854692277339,0.0033965850104184982,0.20128239033465298,0.0011260082252349552,-0.15731112978328954
monthly,0.5,0,0.3,-0.03352570322595027,-0.11602280253884432,40.02843635813835,0.0020187451591621767,0.049200351052055634,-0.0008184845162157537,-0.1245873427089299
biweekly,1.0,0,0.3,0.010513809212978533,-0.15075097550733257,59.08702103627678,0.002952210456521966,0.17223263542938003,0.00019203046659507436,-0.15756793618787324
weekly,1.0,0,0.3,0.06717119059955917,-0.16896179450381707,90.24843974567685,0.004444690826243974,0.30325717586962686,0.0012628813574171796,-0.1609283076207617
weekly,0.5,3,0.3,-0.047015119582720526,-0.1702151115359041,61.33954166656793,0.003431113864920709,0.07653050110105449,-0.0013063547341333431,-0.17033704240849024
daily,1.0,0,0.3,0.6176796399916757,-0.18873687388556382,455.5818443506137,0.022942845087476987,1.428068958682905,0.01754724134351031,-0.1271083263785434
biweekly,2.0,0,0.3,-0.05161331854718557,-0.21851298231884336,48.355577014176355,0.0022480815255838016,0.11644849337949177,-0.0006912816984236316,-0.16451082674267503
biweekly,1.0,0,0.1,-0.07158946763747379,-0.22122326212600926,50.26961768902071,0.002393127232516288,0.07868819952794383,-0.0011404177679557315,-0.13966788162454835
weekly,0.5,0,0.3,-0.04428340110953676,-0.25451584854085957,100.12036779727131,0.005336541448626987,0.16652068983534984,-0.0011211979002597443,-0.17609672630074968
biweekly,0.5,0,0.1,-0.20657184465541223,-0.3475217227916441,55.839189717064485,0.002855735219771598,-0.06514416680633286,-0.004171827368495543,-0.16348395758608347
weekly,0.5,0,0.1,-0.1730697779220134,-0.40265759810419743,89.6461981767967,0.004513421379630464,0.05760087121091384,-0.0033864491922831474,-0.1783569118177829
weekly,1.0,0,0.1,-0.1427246579869709,-0.4047922983963172,78.13109045117241,0.0036594750322599436,0.12016658608955666,-0.001985494034505191,-0.16302341823017297
weekly,2.0,0,0.1,-0.22741488930386228,-0.4670430479176566,65.23038000120852,0.0029306490868571127,0.012862721055920798,-0.002773422132090062,-0.16520368732203783
daily,0.5,0,0.3,0.33263658392288525,-0.4970686299907479,495.9460950404599,0.02645809302539926,1.165281790970724,0.010578086849903941,-0.16196444353057637
biweekly,2.0,0,0.1,-0.7013407708619706,-0.8624483677459006,40.64458296271439,0.0018015183314907298,-0.5374661823012272,-0.007693921852301437,-0.18635833279759006
